	mse	psnr	ssim	sg_essim	ffs	lgv
plcc	0.565	0.575	0.698	0.749	0.64	0.701
srocc	0.564	0.564	0.679	0.679	0.647	0.662
krocc	0.395	0.395	0.492	0.495	0.464	0.481
average time execution [s]	0.088155	0.088842	1.223334	0.235067	0.814795	1.288982
