	mse	psnr	ssim	sg_essim	ffs	lgv
plcc	0.469	0.674	0.589	0.889	0.851	0.853
srocc	0.687	0.687	0.57	0.81	0.87	0.807
krocc	0.496	0.496	0.402	0.641	0.688	0.638
average time execution [s]	0.00886	0.008937	0.119187	0.053321	0.094016	0.120847
