	mse	psnr	ssim	sg_essim	ffs	lgv
plcc	0.295	0.496	0.483	0.872	0.872	0.816
srocc	0.525	0.525	0.5	0.895	0.896	0.882
krocc	0.37	0.37	0.353	0.717	0.721	0.696
average time execution [s]	0.008365	0.008555	0.116548	0.052271	0.091518	0.123304
