	mse	psnr	ssim	sg_essim	ffs	lgv
plcc	0.433	0.693	0.62	0.745	0.796	0.647
srocc	0.676	0.676	0.641	0.838	0.858	0.821
krocc	0.488	0.488	0.464	0.65	0.674	0.632
average time execution [s]	0.00868	0.009409	0.11758	0.052699	0.09338	0.117354
