	mse	psnr	ssim	sg_essim	ffs	lgv
plcc	0.469	0.674	0.589	0.889	0.851	0.853
srocc	0.687	0.687	0.57	0.81	0.87	0.807
krocc	0.496	0.496	0.402	0.641	0.688	0.638
average time execution [s]	0.008675	0.00884	0.118217	0.052618	0.093737	0.119599
