	mse	psnr	ssim	sg_essim	ffs	lgv
plcc	0.565	0.575	0.698	0.749	0.64	0.078
srocc	0.564	0.564	0.679	0.679	0.647	0.064
krocc	0.395	0.395	0.492	0.495	0.464	0.043
average time execution [s]	0.086947	0.087647	1.221423	0.235702	0.820468	1.23987
