	mse	psnr	ssim	sg_essim	ffs	lgv
plcc	0.541	0.568	0.574	0.498	0.712	0.09
srocc	0.658	0.658	0.628	0.721	0.708	0.049
krocc	0.477	0.477	0.443	0.528	0.518	0.03
average time execution [s]	0.010461	0.010718	0.152142	0.071527	0.115616	0.138815
