	mse	psnr	ssim	sg_essim	ffs	lgv
plcc	0.433	0.693	0.62	0.745	0.796	0.023
srocc	0.676	0.676	0.641	0.838	0.858	0.013
krocc	0.488	0.488	0.464	0.65	0.674	0.009
average time execution [s]	0.008239	0.009158	0.111728	0.050561	0.090405	0.103735
