	mse	psnr	ssim	sg_essim	ffs	lgv
plcc	0.541	0.568	0.574	0.498	0.712	0.505
srocc	0.658	0.658	0.628	0.721	0.708	0.727
krocc	0.477	0.477	0.443	0.528	0.518	0.53
average time execution [s]	0.012536	0.012603	0.167374	0.075762	0.119972	0.244783
