	mse	psnr	ssim	sg_essim	ffs	lgv
plcc	0.541	0.568	0.574	0.498	0.712	0.505
srocc	0.658	0.658	0.628	0.721	0.708	0.727
krocc	0.477	0.477	0.443	0.528	0.518	0.53
average time execution [s]	0.010532	0.010897	0.151741	0.07176	0.120951	0.163726
