	mse	psnr	ssim	sg_essim	ffs	lgv
plcc	0.295	0.496	0.483	0.872	0.872	0.816
srocc	0.525	0.525	0.5	0.895	0.896	0.882
krocc	0.37	0.37	0.353	0.717	0.721	0.696
average time execution [s]	0.008468	0.008705	0.117827	0.052516	0.093426	0.125214
